{"loss": 0.011845570988953114, "_timestamp": 1680259989.1998332, "_runtime": 13981.453667163849, "_step": 27839, "valid_loss": 0.010954509489238262, "_wandb": {"runtime": 13980}}