{"train_loss": 0.00507002230733633, "_timestamp": 1677691495.1598022, "_runtime": 153.07218527793884, "_step": 152, "_wandb": {"runtime": 153}}