{"loss": 0.00972040370106697, "_timestamp": 1680276218.3742974, "_runtime": 14016.8581802845, "_step": 27839, "valid_loss": 0.011505822651088238, "_wandb": {"runtime": 14016}}